,depth,factor,location,replicate,water,NO3,NH4,pH,OM,AP,niaomei,zhetang,yixianji,putaotang,linsuan
AD.1.1,D,M,B01,D01,27.547,92.262,1.33,8.1,11.242,31.367,321.236,193.813,24.788,10.231,2.021
AD.1.2,D,N,B01,D01,18.532,82.237,1.03,7.97,11.012,42.37,302.279,182.15,22.527,14.717,2.667
AD.1.3,D,T,B01,D01,30.252,48.903,1.97,8.23,11.113,56.835,256.656,123.459,25.07,6.484,2.626
AD.1.4,D,C,B01,D01,19.681,35.091,1.67,8.33,11.928,39.885,237.074,74.133,21.668,7.907,2.804
AD.2.1,D,M,B02,D02,19.048,96.942,1.55,8.34,13.151,29.3,258.595,125.39,18.567,6.504,2.296
AD.2.2,D,N,B02,D02,14.918,85.964,2.97,8.43,14.261,28.67,305.36,130.536,19.204,8.589,3.125
AD.2.3,D,T,B02,D02,17.01,30.098,2.5,8.61,14.349,30.385,209.046,112.632,23.684,8.078,2.946
AD.2.4,D,C,B02,D02,18.577,30.071,1.67,8.69,13.722,22.785,206.521,72.405,20.42,6.425,2.928
AD.3.1,D,M,B03,D03,23.005,90.068,1.44,8.14,20.879,8.633,712.37,224.146,26.649,16.559,5.363
AD.3.2,D,N,B03,D03,15.695,76.795,1.39,8.13,22.813,7.27,733.693,172.811,22.5,14.194,6.861
AD.3.3,D,T,B03,D03,26.667,59.895,3.36,8.3,23.581,8.485,641.836,198.658,28.253,14.725,7.502
AD.3.4,D,C,B03,D03,18.149,29.63,2.49,8.35,22.491,7.385,679.139,148.439,25.227,12.173,8.118
AD.4.1,D,M,B04,D04,22.68,108.108,1.31,6.59,17.132,57.03,395.039,196.908,31.555,21.495,16.888
AD.4.2,D,N,B04,D04,12.879,94.019,1.04,6.53,17.431,58.025,338.321,145.504,34.487,20.181,18.458
AD.4.3,D,T,B04,D04,21.79,79.487,2.12,6.58,16.346,46.005,359.193,148.951,32.248,17.13,17.378
AD.4.4,D,C,B04,D04,19.5,64.14,4.38,6.47,15.885,46.775,455.482,110.373,29.781,16.462,18.894
AD.5.1,D,M,B05,D05,29.804,100.704,1.17,7.81,12.724,35.7,248.278,274.888,23.377,11.97,2.467
AD.5.2,D,N,B05,D05,27.747,89.284,2.08,8.16,13.44,28.82,275.605,181.105,20.889,9.892,2.928
AD.5.3,D,T,B05,D05,28.033,61.81,1.88,8.38,13.202,31.035,281.729,176.871,23.762,13.234,3.052
AD.5.4,D,C,B05,D05,20.202,43.991,1.81,8.56,13.142,29.185,324.462,119.74,24.602,12.403,3.601
AD.6.1,D,M,B06,D06,22.857,126.242,2.38,6.48,23.828,45.775,405.975,257.2,26.564,9.065,5.612
AD.6.2,D,N,B06,D06,23.528,100.291,2.92,7.96,25.83,55.67,566.955,233.835,24.371,7.543,9.362
AD.6.3,D,T,B06,D06,24.444,71.974,1.27,8.06,22.87,47.67,328.71,216.172,28.559,8.297,8.712
AD.6.4,D,C,B06,D06,23.077,61.472,1.59,8.21,24.274,52.17,434.761,171.07,29.556,9.358,9.6
AD.7.1,D,M,B07,D07,17.293,74.401,1.81,6.38,16.897,7.805,348.026,166.284,26.57,11.731,15.722
AD.7.2,D,N,B07,D07,17.821,80.179,2.98,6.5,16.603,8.655,371.715,114.05,23.59,10.42,15.922
AD.7.3,D,T,B07,D07,18.543,42.219,1.34,6.89,15.327,7.833,263.213,99.948,28.09,10.576,14.244
AD.7.4,D,C,B07,D07,15.929,27.998,2.56,6.71,16.055,9.255,315.675,77.268,28.343,10.259,16.57
AD.8.1,D,M,B08,D08,15.426,171.424,1.74,7.09,8.607,22.667,490.461,187.839,22.53,12.081,1.338
AD.8.2,D,N,B08,D08,12.064,173.719,2.15,7.1,7.338,22.92,510.74,180.638,23.442,9.433,1.644
AD.8.3,D,T,B08,D08,12.749,96.655,3.12,7.65,8.633,25.185,267.426,179.468,20.679,9.242,1.968
AD.8.4,D,C,B08,D08,18.095,77.774,2.57,7.64,8.437,25.135,252.216,146.713,20.477,13.268,1.892
AD.9.1,D,M,B09,D09,26.609,67.473,1.12,8.19,6.61,11.167,165.832,59.246,22.483,4.333,0.293
AD.9.2,D,N,B09,D09,25.093,73.144,0.99,8.16,6.032,10.57,234.719,64.626,22.559,7.4,0.626
AD.9.3,D,T,B09,D09,21.711,38.516,1.25,8.53,7.358,11.885,118.477,54.704,22.1,6.456,0.864
AD.9.4,D,C,B09,D09,17.04,20.333,1.25,8.54,8.107,12.035,254.021,24.336,23.962,4.379,0.708
AD.10.1,D,M,B10,D10,24.479,68.684,1.36,6.22,5.486,5.255,212.071,17.03,25.749,8.25,3.993
AD.10.2,D,N,B10,D10,20.913,61.422,1.18,6.31,5.39,4.405,254.298,15.646,25.973,12.46,3.605
AD.10.3,D,T,B10,D10,24.832,59.983,1.38,6.69,6.272,6.705,183.68,22.201,18.959,5.54,5.651
AD.10.4,D,C,B10,D10,17.722,44.603,1.92,6.86,6.152,4.405,106.4,7.699,20.524,4.984,4.757
AD.11.1,D,M,B11,D11,43.478,73.264,1.78,5.36,14.706,0.232,545.195,45.71,22.694,11.287,11.227
AD.11.2,D,N,B11,D11,34.551,72.268,1.54,5.2,16.12,0.279,667.627,31.381,23.155,12.167,10.916
AD.11.3,D,T,B11,D11,38.288,44.225,1.48,6.19,16.937,0.655,447.407,22.166,20.901,11.899,11.058
AD.11.4,D,C,B11,D11,33.493,36.053,1.29,5.84,16.001,0.855,594.971,18.158,21.033,7.642,12.202
AD.12.1,D,M,B12,D12,39.338,84.498,2.84,7.93,25.506,7.733,576.61,268.376,27.119,12.918,5.416
AD.12.2,D,N,B12,D12,36.168,79.084,1.46,7.78,26.707,6.97,427.245,203.454,22.33,10.721,7.979
AD.12.3,D,T,B12,D12,33.548,77.004,1.42,7.87,26.581,7.967,453.5,125.867,24.389,10.256,8.397
AD.12.4,D,C,B12,D12,35.874,22.467,1.39,8.19,26.618,9.385,465.35,96.757,25.694,9.834,10.145
AD.13.1,D,M,B13,D13,25.688,91.805,1.86,5.42,17.807,37.765,305.166,35.727,19.891,12.572,9.675
AD.13.2,D,N,B13,D13,18.527,86.982,1.4,5.45,19.373,42.215,282.065,26.589,24.31,11.289,14.078
AD.13.3,D,T,B13,D13,28.994,22.208,1.1,5.51,16.808,40.488,323.77,22.593,22.746,13.679,11.081
AD.13.4,D,C,B13,D13,20.093,23.188,1.67,5.44,18.361,44.255,266.212,10.128,25.222,12.251,11.858
AD.14.1,D,M,B14,D14,23.545,72.474,2.08,8.07,22.326,6.967,505.981,204.598,21.599,8.394,4.561
AD.14.2,D,N,B14,D14,23.441,70.088,2.97,8.2,21.906,6.82,554.385,183.46,21.116,5.006,5.48
AD.14.3,D,T,B14,D14,19.313,39.03,2.41,8.25,25.501,9.985,569.939,230.725,27.99,7.843,12.038
AD.14.4,D,C,B14,D14,18.717,26.178,2.41,8.29,23.959,7.335,582.645,161.705,25.184,7.918,12.884
AD.15.1,D,M,B15,D15,37.6,70.907,1.38,7.22,24.788,7.667,319.143,284.872,26.195,22.629,3.761
AD.15.2,D,N,B15,D15,32.034,69.995,1.41,7.31,24.136,8.12,354.482,120.977,23.15,20.94,4.427
AD.15.3,D,T,B15,D15,35.135,31.648,3.43,6.99,24.431,7.755,388.671,188.603,25.254,20.917,4.881
AD.15.4,D,C,B15,D15,34.43,17.732,1.04,7.45,26.4,6.685,323.194,119.332,29.259,21.925,5.21
AD.16.1,D,M,B16,D16,24.458,69.684,1.82,4.84,9.139,1.245,224.552,30.314,21.682,6.876,3.922
AD.16.2,D,N,B16,D16,17.332,81.928,1.69,4.88,9.905,0.855,356.246,31.184,23.016,9.627,4.397
AD.16.3,D,T,B16,D16,47.788,44.704,1.59,5.63,6.665,0.748,350.292,25.825,18.544,9.177,4.794
AD.16.4,D,C,B16,D16,37.569,41.076,1.68,5.8,6.638,0.895,213.415,13.061,17.452,8.769,4.758
AD.17.1,D,M,B17,D17,29.697,54.024,1.85,6.24,14.381,55.738,259.068,110.096,23.829,8.194,4.913
AD.17.2,D,N,B17,D17,19.35,51.737,1.36,5.49,15.028,55.988,179.999,30.508,20.524,9.984,5.078
AD.17.3,D,T,B17,D17,30.357,23.894,2.14,6.32,13.722,64.488,197.347,24.707,23.426,9.059,5.247
AD.17.4,D,C,B17,D17,16.867,21.313,1.76,5.84,16.674,55.738,149.594,10.24,26.791,9.766,6.148
AD.18.1,D,M,B18,D18,36.552,59.529,1.23,7.8,13.428,8.2,631.268,166.728,24.985,6.366,4.928
AD.18.2,D,N,B18,D18,24.005,56.391,1.59,8.08,15.01,6.67,538.326,141.777,21.996,7.275,5.148
AD.18.3,D,T,B18,D18,27.273,28.692,2.08,8.42,14.523,7,611.111,94.371,22.504,7.204,6.041
AD.18.4,D,C,B18,D18,25.641,16.219,2.58,8.43,15.261,7.085,570.798,57.62,24.722,5.715,6.69
AD.19.1,D,M,B19,D19,39.063,60.489,1.31,6.23,28.706,61.275,461.44,81.38,29.355,17.675,10.063
AD.19.2,D,N,B19,D19,34.757,62.177,1.24,6.16,28.675,63.025,342.494,84.29,20.725,17.16,10.504
AD.19.3,D,T,B19,D19,38.843,18.199,1.61,6.81,35.671,39.355,428.761,52.863,20.542,19.335,11.97
AD.19.4,D,C,B19,D19,35.776,17.129,1.79,6.78,36.614,49.275,350.493,44.685,25.108,15.216,13.814
AD.20.1,D,M,B20,D20,33.333,106.438,2.18,7.75,35.253,4.433,601.448,184.379,27.295,16.171,14.672
AD.20.2,D,N,B20,D20,29.337,89.771,2,7.6,36.593,3.47,571.838,234.231,24.048,22.167,16.094
AD.20.3,D,T,B20,D20,33.065,60.999,1.63,8.14,37.297,4.335,534.439,274.093,21.876,16.096,17.245
AD.20.4,D,C,B20,D20,30.769,41.269,1.44,8.03,37.309,3.135,544.664,150.283,19.436,17.98,17.549
AD.21.1,D,M,B21,D21,37.41,100.704,1.47,7.57,37.757,46.95,694,216.397,28.962,14.43,11.377
AD.21.2,D,N,B21,D21,32.042,96.876,2.13,7.7,42.418,42.32,604.832,206.113,24.233,10.575,12.818
AD.21.3,D,T,B21,D21,35.22,72.177,1.3,7.86,39.78,54.57,623.13,200.863,36.507,13.538,13.436
AD.21.4,D,C,B21,D21,37.083,55.548,3.24,7.97,39.358,55.47,722.473,159.411,31.911,12.665,13.45
AD.22.1,D,M,B22,D22,20.069,73.939,0.91,7.98,12.282,9.433,785.214,152.77,25.491,13.46,5.35
AD.22.2,D,N,B22,D22,14.007,83.817,1.82,8.05,14.098,10.27,548.66,194.102,23.918,12.77,6.059
AD.22.3,D,T,B22,D22,18.325,29.814,1.23,8.14,13.99,9.785,606.493,91.081,25.342,11.194,8.814
AD.22.4,D,C,B22,D22,20.408,14.499,1.94,8.3,16.93,6.685,706.767,63.484,22.383,11.24,7.472
AD.23.1,D,M,B23,D23,21.901,97.266,1.63,8.37,12.537,31.5,271.913,176.952,23.274,5.614,3.471
AD.23.2,D,N,B23,D23,19.881,85.224,1.58,8.45,12.96,35.92,293.795,83.994,23.382,9.521,3.583
AD.23.3,D,T,B23,D23,20.101,43.037,1.45,8.37,12.737,36.985,203.857,79.409,22.171,7.985,3.52
AD.23.4,D,C,B23,D23,18.103,34.747,1.55,8.59,11.944,38.035,230.358,84.943,23.277,8.69,3.555
AD.24.1,D,M,B24,D24,22.581,100.193,1.67,8.28,15.184,22.333,614.849,206.487,25.563,12.37,9.664
AD.24.2,D,N,B24,D24,25.063,87.873,2.16,8.33,17.75,37.12,496.196,168.98,28.375,11.936,11.508
AD.24.3,D,T,B24,D24,22.485,64.822,1.2,8.49,18.198,47.785,519.115,150.445,25.008,14.253,13.004
AD.24.4,D,C,B24,D24,18.235,46.549,1.55,8.67,15.98,44.735,582.488,123.553,27.033,14.6,14.149
AD.25.1,D,M,B25,D25,26.115,103.491,1.7,7.97,21.919,12.7,672.529,244.696,25.946,15.007,11.287
AD.25.2,D,N,B25,D25,26.348,84.994,1.68,8.02,25.223,11.12,585.733,128.52,26.235,19.92,14.804
AD.25.3,D,T,B25,D25,24.883,63.578,0.89,8.05,25.16,14.185,625.954,134.585,26.62,14.859,13.437
AD.25.4,D,C,B25,D25,28.745,42.633,2.1,8.24,24.854,12.085,632.346,156.789,29.013,9.54,15.088
AD.26.1,D,M,B26,D26,28.92,57.639,2.14,8.04,15.171,6.933,360.172,62.099,22.168,10.4,2.324
AD.26.2,D,N,B26,D26,23.916,63.355,1.22,8.15,17.795,6.87,399.369,33.509,21.204,5.259,2.499
AD.26.3,D,T,B26,D26,27.083,7.111,1.14,8.3,17.238,6.735,285.749,26.164,19.589,8.746,3.069
AD.26.4,D,C,B26,D26,24.315,6.208,3,8.4,15.348,5.735,216.496,18.039,25.311,9.107,2.216
AD.27.1,D,M,B27,D27,22.8,102.742,1.32,8.25,21.172,13.733,610.359,233.797,27.344,19.983,8.626
AD.27.2,D,N,B27,D27,21.095,88.573,1.12,8.41,23.625,12.32,529.099,223.368,24.39,18.757,9.357
AD.27.3,D,T,B27,D27,24.658,32.351,1.48,8.38,22.184,12.635,455.839,190.193,25.364,16.843,9.482
AD.27.4,D,C,B27,D27,15.986,24.975,2,8.56,22.712,11.085,550.201,141.525,27.605,18.848,10.784
AD.28.1,D,M,B28,D28,18.677,77.039,1.18,8.52,7.454,3.8,323.723,162.654,20.615,6.223,1.536
AD.28.2,D,N,B28,D28,21.451,68.841,1.64,8.51,6.315,4.57,364.915,99.289,20.787,6.8,1.258
AD.28.3,D,T,B28,D28,20.588,16.89,1.71,8.74,9.547,5.2,291.339,73.636,19.284,7.108,1.368
AD.28.4,D,C,B28,D28,22.337,9.267,1.84,8.78,9.263,5.935,269.062,36.021,22.836,9.276,1.403
AD.29.1,D,M,B29,D29,23.843,163.85,2.5,8.2,30.24,23.2,489.576,165.718,26.42,12.506,11.171
AD.29.2,D,N,B29,D29,17.751,114.391,2.81,8.36,32.586,37.07,489.203,160.532,25.493,10.821,12.128
AD.29.3,D,T,B29,D29,17.925,72.256,2.3,8.18,29.421,35.835,498.489,162.837,26.425,15.319,12.905
AD.29.4,D,C,B29,D29,17.935,47.516,2.22,8.51,30.527,30.935,480.01,128.547,30.919,10.214,14.171
AD.30.1,D,M,B30,D30,9.302,76.885,7.39,5.96,11.164,57.275,288.093,116.042,25.612,14.87,9.298
AD.30.2,D,N,B30,D30,11.234,70.381,3.11,6.06,13.088,63.275,269.931,84.313,24.578,16.084,8.557
AD.30.3,D,T,B30,D30,11.475,27.295,1.13,5.83,12.432,60.025,312.96,73.095,26.164,15.677,7.635
AD.30.4,D,C,B30,D30,11.765,22.509,1.78,6.35,12.893,62.025,219.019,46.197,27.15,14.546,7.668
AD.31.1,D,M,B31,D31,20.312,101.592,1.66,4.81,30.093,60.525,223.806,31.402,28.871,15.208,18.361
AD.31.2,D,N,B31,D31,24.905,105.903,7.35,4.74,32.068,61.275,209.327,34.749,29.953,18.609,19.813
AD.31.3,D,T,B31,D31,28.049,48.979,1.67,4.78,31.896,61.025,196.845,11.105,31.625,17.619,20.414
AD.31.4,D,C,B31,D31,23.125,32.696,2.42,5.01,30.971,63.025,200.616,5.551,33.521,19.983,21.306
AD.32.1,D,M,B32,D32,25.939,57.193,8.72,4.11,8.882,3.505,240.918,3.673,21.851,11.952,4.98
AD.32.2,D,N,B32,D32,23.201,47.506,8.33,4.35,9.068,3.904,243.431,5.216,22.822,9.319,5.021
AD.32.3,D,T,B32,D32,25.824,24.016,1.11,4.76,8.813,3.545,255.265,5.598,18.903,10.512,6.293
AD.32.4,D,C,B32,D32,25,15.43,1.93,4.8,9.159,4.245,301.988,4.787,19.74,10.152,7.025
AD.33.1,D,M,B33,D33,55.782,81.317,2.67,5.76,62.562,9.055,615.095,112.49,38.281,14.272,24.725
AD.33.2,D,N,B33,D33,47.932,76.101,2.32,5.89,64.191,9.505,651.76,111.721,29.314,18.103,22.257
AD.33.3,D,T,B33,D33,50,44.058,1.24,6.13,65.321,8.505,722.97,73.883,29.717,15.856,24.038
AD.33.4,D,C,B33,D33,50.251,29.855,1.32,6.36,58.246,8.222,748.143,92.664,40.496,15.262,25.912
AD.34.1,D,M,B34,D34,24.37,111.488,2.49,8.47,13.752,21.77,322.529,70.169,22.382,9.8,5.757
AD.34.2,D,N,B34,D34,24.762,80.447,2.15,8.6,15.557,22.32,342.13,120.861,21.505,8.586,7.037
AD.34.3,D,T,B34,D34,25.728,41.588,1.12,8.74,16.273,21.035,301.907,62.602,24.67,8.837,6.443
AD.34.4,D,C,B34,D34,24.537,43.463,1.01,8.7,14.038,21.935,305.564,55.05,24.012,8.751,5.382
AD.35.1,D,M,B35,D35,39.764,59.549,1.8,5.95,22.448,0.441,386.225,76.96,20.666,20.862,11.3
AD.35.2,D,N,B35,D35,36.137,67.43,3.43,5.38,22.947,0.455,428.112,21.894,24.094,20.957,13.785
AD.35.3,D,T,B35,D35,36.932,11.478,1.45,6.15,23.313,0.405,460.3,26.694,27.025,28.433,14.48
AD.35.4,D,C,B35,D35,33.838,7.97,1.92,6.57,31.402,0.448,356.136,27.974,29.192,20.13,14.724
AD.36.1,D,M,B36,D36,26.728,51.013,1.46,5.18,2.001,0.198,146.199,8.62,20.815,5.929,3.289
AD.36.2,D,N,B36,D36,23.811,52.506,3.06,5.09,2.405,0.304,117.576,19.979,21.56,4.015,2.086
AD.36.3,D,T,B36,D36,23.125,33.931,2.43,6.47,2.625,0.6,139.542,3.697,18.269,4.274,2.145
AD.36.4,D,C,B36,D36,24.848,25.653,1.56,6.76,2.089,0.315,106.497,4.443,21.09,3.007,2.563
AD.37.1,D,M,B37,D37,42.718,79.042,4.63,4.18,26.488,14.945,202.338,6.541,21.25,11.288,13.376
AD.37.2,D,N,B37,D37,41.458,78.516,6.11,4.26,28.023,14.955,189.942,7.425,25.539,11.072,14.483
AD.37.3,D,T,B37,D37,48.521,48.86,3.07,4.24,28.068,11.245,174.057,8.838,25.423,10.743,15.169
AD.37.4,D,C,B37,D37,48.341,44.389,1.42,4.31,27.89,16.445,101.264,8.163,25.03,11.713,19.697
AD.38.1,D,M,B38,D38,21.557,39.667,1.95,7.74,4.041,52.5,123.497,24.785,22.928,4.104,0.116
AD.38.2,D,N,B38,D38,20.422,62.802,2.87,7.99,4.671,51.04,115.494,30.829,20.669,6.368,0.149
AD.38.3,D,T,B38,D38,22.872,29.736,3.95,8.05,4.144,53.3,98.544,16.25,19.326,7.292,0.2
AD.38.4,D,C,B38,D38,25.521,23.054,1.51,7.25,4.666,63.27,84.047,4.835,20.107,5.42,0.413
AD.39.1,D,M,B39,D39,35,52.924,2.16,8.07,23.354,5.82,248.534,49.603,21.166,5.215,1.136
AD.39.2,D,N,B39,D39,32.633,46.012,3.99,8.11,24.381,4.72,211.392,82.666,19.19,7.14,1.36
AD.39.3,D,T,B39,D39,34.641,21.834,1.93,8.48,25.745,5.833,196.971,9.332,16.055,5.208,1.885
AD.39.4,D,C,B39,D39,34.167,14.055,2.2,8.25,21.554,5.635,156.812,13.649,17.11,3.091,2.031
AD.40.1,D,M,B40,D40,28.041,83.917,1.41,7.91,13.201,4.933,528.56,75.173,24.547,6.805,1.322
AD.40.2,D,N,B40,D40,27.495,91.774,3.52,7.35,13.479,5.12,533.532,110.38,21.106,5.293,2.053
AD.40.3,D,T,B40,D40,27.419,43.445,1.13,8.19,14.775,4.233,441.627,78.005,22.693,6.454,2.773
AD.40.4,D,C,B40,D40,22.113,36.653,1.41,8.07,13.462,4.685,444.811,77.242,21.983,3.643,2.25
AU.1.1,U,M,B01,U01,29.801,113.483,2.71,7.86,17.614,56.94,684.697,195.807,36.335,12.34,9.35
AU.1.2,U,N,B01,U01,21.127,131.199,2.07,7.74,17.166,53.64,633.308,173.942,30.404,13.441,8.36
AU.1.3,U,T,B01,U01,26.991,76.649,2.52,7.83,18.178,60.24,565.479,175.729,36.122,13.347,6.78
AU.1.4,U,C,B01,U01,27.982,58.608,1.32,8.05,18.927,55.54,574.653,170.712,26.059,12.035,11.687
AU.2.1,U,M,B02,U02,20.339,109.792,1.64,8.32,16.248,32.82,314.045,167.433,22.817,13.537,3.597
AU.2.2,U,N,B02,U02,14.973,113.694,2.05,8.25,16.077,32.82,432.297,177.602,22.582,12.214,4.711
AU.2.3,U,T,B02,U02,33.797,49.028,2.27,8.42,17.266,32.87,314.117,144.237,22.809,12.714,3.916
AU.2.4,U,C,B02,U02,14.737,42.844,1.28,8.53,18.55,29.635,363.934,130.632,23.672,13.537,6.593
AU.3.1,U,M,B03,U03,19.828,86.768,3.34,8.34,10.747,13.067,613.546,198.836,23.701,13.234,2.223
AU.3.2,U,N,B03,U03,14,87.498,1.6,8.17,11.368,10.67,637.279,190.527,27.367,12.095,3.506
AU.3.3,U,T,B03,U03,24.609,33.118,2.38,8.4,11.857,15.12,436.379,137.155,26.266,14.721,2.626
AU.3.4,U,C,B03,U03,16.102,29.438,1.01,8.44,11.73,14.485,475.195,119.373,23.918,10.864,3.988
AU.4.1,U,M,B04,U04,25.448,116.297,1.82,6.44,16.197,112.525,363.793,130.18,31.172,18.361,17.581
AU.4.2,U,N,B04,U04,27.465,138.97,1.69,6.32,16.11,103.275,418.916,156.26,31.321,12.167,21.179
AU.4.3,U,T,B04,U04,28.797,63.75,3.04,6.9,17.053,115.025,402.012,147.055,33.833,10.69,18.31
AU.4.4,U,C,B04,U04,16.588,74.191,2.27,6.43,18.046,111.525,444.444,129.123,32.262,19.252,20.513
AU.5.1,U,M,B05,U05,27.211,109.238,1.62,8.17,14.402,25.285,173.032,197.855,23.411,12.304,3.073
AU.5.2,U,N,B05,U05,23.762,108.375,1.99,8.05,14.803,26.035,254.021,188.344,22.948,11.867,3.761
AU.5.3,U,T,B05,U05,26.683,34.77,2.79,8.38,14.86,25.985,251.838,145.783,25.032,11.774,4.384
AU.5.4,U,C,B05,U05,21.159,29.81,1.17,8.51,14.318,31.47,188.194,135.645,22.53,11.146,4.49
AU.6.1,U,M,B06,U06,34.677,100.88,2.99,8.09,24.643,42.87,383.477,204.995,31.76,14.867,6.425
AU.6.2,U,N,B06,U06,25.915,96.849,3.75,8.05,23.587,49.17,446.43,192.508,35.425,10.386,7.322
AU.6.3,U,T,B06,U06,27.582,41.971,2.55,8.22,24.987,41.32,462.193,205.61,29.648,10.049,8.188
AU.6.4,U,C,B06,U06,28.509,53.247,1.45,8.62,24.061,47.47,388.122,175.31,28.049,10.428,8.72
AU.7.1,U,M,B07,U07,24.828,111.531,2.84,6.02,18.091,13.495,363.207,138.008,40.583,21.124,17.834
AU.7.2,U,N,B07,U07,17.929,118.162,2.27,6.07,18.624,12.255,445.432,153.569,31.969,17.806,17.19
AU.7.3,U,T,B07,U07,24.839,64.657,2.12,6.28,18.968,16.155,433.844,117.54,35.632,19.048,14.395
AU.7.4,U,C,B07,U07,14.767,77.198,1.3,6.13,18.952,12.605,365.686,117.797,37.826,16.866,14.652
AU.8.1,U,M,B08,U08,11.828,138.464,3.05,6.5,10.684,93.775,359.743,127.542,25.432,10.48,4.464
AU.8.2,U,N,B08,U08,5.738,173.54,2.61,6.71,9.212,94.275,412.957,151.08,26.017,7.302,3.925
AU.8.3,U,T,B08,U08,10.603,101.261,2.69,6.97,11.855,97.775,331.382,149.497,26.846,8.44,4.489
AU.8.4,U,C,B08,U08,6.393,121.162,2.88,7.04,17.135,47.07,371.06,140.665,24.895,4.964,4.086
AU.9.1,U,M,B09,U09,26.087,109.014,2.08,7.97,11.872,34.27,390.188,238.776,27.008,15.007,4.409
AU.9.2,U,N,B09,U09,28.446,90.285,1.89,7.91,10.497,37.37,397.572,199.211,26.209,15.276,4.493
AU.9.3,U,T,B09,U09,29.151,61.159,6.8,8.16,10.429,34.12,350.953,180.175,26.124,12.077,3.475
AU.9.4,U,C,B09,U09,20.134,39.262,1.64,8.27,11.125,40.385,399.624,135.371,26.486,12.435,6.053
AU.10.1,U,M,B10,U10,17.208,72.992,3.17,5.9,7.377,6.755,183.631,33.161,29.029,9.94,7.482
AU.10.2,U,N,B10,U10,16.883,82.02,3.27,5.95,6.396,6.698,229.448,66.339,30.505,9.02,8.918
AU.10.3,U,T,B10,U10,20.907,51.252,6.64,6.68,6.467,7.505,201.583,38.81,24.96,7.779,7.571
AU.10.4,U,C,B10,U10,21.691,24.026,2.14,6.39,7.415,6.255,211.44,26.001,20.559,4.983,8.979
AU.11.1,U,M,B11,U11,44.314,87.429,2.15,6.49,27.348,16.655,552.413,110.944,30.155,28.348,21.185
AU.11.2,U,N,B11,U11,44.498,75.114,1.81,6.5,31.747,22.605,531.539,146.625,32.623,22.542,18.555
AU.11.3,U,T,B11,U11,48.348,47.973,7.26,6.44,33.552,23.94,476.648,146.765,31.573,12.824,17.967
AU.11.4,U,C,B11,U11,43.284,38.181,2,6.8,35.311,31.355,585.551,123.954,30.005,12.124,19.452
AU.12.1,U,M,B12,U12,43.627,94.928,2.31,7.81,27.329,40.067,691.381,204.063,28.226,14.381,8.153
AU.12.2,U,N,B12,U12,39.749,88.392,1.6,7.69,26.83,39.12,657.787,217.846,32.333,16.641,10.683
AU.12.3,U,T,B12,U12,38.251,59.896,7.66,7.9,28.811,40.47,587.244,200.6,31.827,12.463,9.894
AU.12.4,U,C,B12,U12,37.387,56.925,2.01,8.01,29.417,35.035,601.943,156.792,30.051,14.076,13.323
AU.13.1,U,M,B13,U13,18.777,148.523,3.21,5.21,30.098,111.708,396.036,106.835,21.682,8.487,23.218
AU.13.2,U,N,B13,U13,23.906,122.712,2,5.3,32.614,109.625,462.568,64.286,21.782,8.287,22.32
AU.13.3,U,T,B13,U13,27.707,59.862,2.1,6.08,31.91,133.525,374.347,71.163,23.483,9.801,21.111
AU.13.4,U,C,B13,U13,20.385,57.455,2.38,5.69,33.991,97.525,391.849,81.653,21.841,10.266,20.827
AU.14.1,U,M,B14,U14,18.519,154.796,1.87,7.84,26.381,16.5,623.772,249.9,22.149,13.222,8.163
AU.14.2,U,N,B14,U14,9.045,131.319,1.4,7.69,25.78,13.87,656.626,266.283,30.656,18.869,12.237
AU.14.3,U,T,B14,U14,21.087,28.581,1.4,8.18,23.519,10.32,530.387,212.132,32.236,13.954,10.281
AU.14.4,U,C,B14,U14,16.906,19.022,5.9,8.3,27.489,9.985,568.595,180.442,27.609,14.634,11.145
AU.15.1,U,M,B15,U15,32.618,98.548,1.89,7.45,31.551,13.1,631.975,231.671,23.629,16.165,6.776
AU.15.2,U,N,B15,U15,15.534,122.481,1.79,7.4,32.917,11.22,694.083,228.571,26.593,13.863,8.23
AU.15.3,U,T,B15,U15,37.019,50.072,2.42,7.4,32.083,7.62,488.903,222.879,31.707,15.945,7.272
AU.15.4,U,C,B15,U15,19.954,35.078,6.36,7.53,32.062,7.885,539.096,210.305,24.892,17.43,8.408
AU.16.1,U,M,B16,U16,36.715,88.346,2.43,3.96,15.144,21.295,241.875,3.751,27.578,12.882,14.997
AU.16.2,U,N,B16,U16,24.254,81.613,2.09,3.86,14.165,24.675,213.146,8.127,21.636,12.401,16.819
AU.16.3,U,T,B16,U16,25.653,67.748,2.05,4.48,16.457,18.845,331.16,45.262,41.047,11.345,13.534
AU.16.4,U,C,B16,U16,22.128,48.554,3.66,4.26,13.904,20.395,313.017,15.141,24.445,16.15,18.544
AU.17.1,U,M,B17,U17,34.848,76.057,1.62,4.66,19.073,342.95,256.264,6.291,33.44,13.281,19.078
AU.17.2,U,N,B17,U17,42.373,70.777,1.79,4.6,23.043,273.45,191.945,5.054,23.797,10.91,16.759
AU.17.3,U,T,B17,U17,38.844,49.19,2.97,5.11,21.591,247.45,211.921,3.393,24.832,9.147,21.747
AU.17.4,U,C,B17,U17,20.282,34.991,2.08,5.33,23.192,331.95,235.243,3.374,24.708,10.148,16.076
AU.18.1,U,M,B18,U18,32.597,68.389,1.47,7.79,12.564,12.167,570.103,151.878,25.582,12.422,3.75
AU.18.2,U,N,B18,U18,25.41,67.329,1.17,7.75,12.612,11.27,459.271,131.633,24.627,10.189,4.016
AU.18.3,U,T,B18,U18,27.277,61.36,1.29,8.1,12.77,11.62,415.465,84.864,27.524,9.14,3.798
AU.18.4,U,C,B18,U18,19.277,21.175,2.22,8.01,14.47,11.035,371.382,52.478,22.797,14.699,5.704
AU.19.1,U,M,B19,U19,44.737,109.849,1.81,6.01,45.226,79.275,656.589,238.976,41.016,22.007,25.384
AU.19.2,U,N,B19,U19,41.538,91.874,3.61,6.12,43.045,74.275,661.424,208.558,44.027,22.072,20.753
AU.19.3,U,T,B19,U19,47.853,52.841,1.55,6.36,46.261,77.525,594.561,162.232,34.341,22.437,19.816
AU.19.4,U,C,B19,U19,47.863,20.409,2.22,6.26,45.639,87.775,571.195,95.041,37.136,15.978,21.384
AU.20.1,U,M,B20,U20,35.583,123.395,2.71,7.63,40.156,16.733,676.764,313.305,38.395,23.615,12.584
AU.20.2,U,N,B20,U20,30.295,122.674,1.89,7.64,41.401,15.37,632.881,268.28,32.91,15.869,14.587
AU.20.3,U,T,B20,U20,34.31,42.81,1.12,7.25,41.018,17.12,502.859,221.149,35.163,14.202,13.046
AU.20.4,U,C,B20,U20,31.111,11.355,2.87,7.92,42.865,16.035,643.299,155.174,32.954,16.998,16.273
AU.21.1,U,M,B21,U21,41.071,116.708,3.01,7.75,38.854,54.2,698.11,285.011,25.19,23.129,9.473
AU.21.2,U,N,B21,U21,38.168,83.621,1.66,7.7,37.85,61.34,743.129,185.114,27.338,15.219,13.407
AU.21.3,U,T,B21,U21,33.566,44.268,1.61,7.3,36.919,60.14,693.578,116.814,25.628,16.028,12.848
AU.21.4,U,C,B21,U21,35.948,50.231,2.25,7.97,41.974,62.47,726.693,236.514,32.24,17.937,15.766
AU.22.1,U,M,B22,U22,27.731,121.1,1.4,7.63,19.438,27.767,862.429,239.748,38.009,20.631,13.119
AU.22.2,U,N,B22,U22,22.054,103.812,1.42,7.69,21.208,28.02,790.629,189.571,34.693,19.465,14.359
AU.22.3,U,T,B22,U22,23.34,71.718,1.25,7.96,21.157,27.02,768.943,173.69,41.394,13.768,15.505
AU.22.4,U,C,B22,U22,20,62.448,2.44,7.98,19.954,24.435,747.927,156.859,34.295,14.128,14.145
AU.23.1,U,M,B23,U23,20.455,112.866,1.67,8.3,11.631,25.967,407.971,228.431,25.368,13.705,4.718
AU.23.2,U,N,B23,U23,12.364,98.864,1.61,8.06,13.458,19.02,371.668,206.069,26.417,12.994,4.707
AU.23.3,U,T,B23,U23,41.601,74.383,1.24,8.43,12.067,19.67,296.502,158.159,23.696,11.625,4.515
AU.23.4,U,C,B23,U23,9.811,75.473,1.64,8.56,12.025,20.385,296.684,137.8,22.713,10.608,5.192
AU.24.1,U,M,B24,U24,33.6,101.469,1.78,7.9,15.094,26.333,519.43,147.046,25.761,15.826,7.629
AU.24.2,U,N,B24,U24,16.667,117.126,1.53,7.8,16.652,23.47,572.784,200.243,31.724,17.39,10.034
AU.24.3,U,T,B24,U24,25.29,65.374,1.98,8.15,15.429,27.12,437.2,146.453,33.138,16.396,8.929
AU.24.4,U,C,B24,U24,25.714,55.497,2.57,8.36,16.453,25.585,528.341,119.3,26.928,15.291,9.082
AU.25.1,U,M,B25,U25,26.394,109.943,1.26,8.1,21.565,9.167,741.75,182.143,25.074,19.864,11.914
AU.25.2,U,N,B25,U25,21.5,82.525,1.79,7.95,24.832,7.57,732.568,144.026,29.755,18.917,14.397
AU.25.3,U,T,B25,U25,28.011,70.539,1.27,8.25,26.348,10.27,506.05,167.584,27.032,19.914,11.778
AU.25.4,U,C,B25,U25,22.263,59.28,2.36,8.32,23.216,9.585,733.523,143.552,32.651,18.688,15.898
AU.26.1,U,M,B26,U26,20.093,82.637,1.57,8.08,25.331,20.067,657.89,137.597,23.202,14.605,8.849
AU.26.2,U,N,B26,U26,18.878,90.747,1.23,7.98,26.664,17.87,565.702,194.676,24.112,12.46,10.617
AU.26.3,U,T,B26,U26,21.92,67.477,2.79,8.26,26.86,18.02,457.261,171.222,29.389,14.225,11.25
AU.26.4,U,C,B26,U26,22.535,47.339,1.45,8.37,26.292,16.835,480.052,109.569,30.779,16.235,11.519
AU.27.1,U,M,B27,U27,31.429,96.008,2.27,8.28,20.887,19.6,536.011,197.893,24.631,20.097,6.683
AU.27.2,U,N,B27,U27,32.9,78.282,1.11,8.21,22.793,20.22,532.565,165.47,26.002,15.685,8.486
AU.27.3,U,T,B27,U27,30.934,64.939,1.37,8.31,22.573,20.02,464.07,181.786,24.168,14.942,7.937
AU.27.4,U,C,B27,U27,27.037,36.113,1.22,8.5,22.919,18.235,511.629,135.236,27.383,17.903,9.373
AU.28.1,U,M,B28,U28,19.928,103.081,1.35,8.41,9.628,16.9,302.171,120.803,26.774,9.935,1.686
AU.28.2,U,N,B28,U28,19.003,73.811,1.69,8.42,10.998,15.57,305.292,109.549,24.038,8.784,2.681
AU.28.3,U,T,B28,U28,17.343,61.553,1.1,8.62,9.958,14.52,275.988,92.574,21.478,8.533,2.287
AU.28.4,U,C,B28,U28,17.157,20.227,1.72,8.77,11.038,14.335,319.832,55.589,27.115,8.8,2.524
AU.29.1,U,M,B29,U29,20.652,122.478,2.98,8.28,33.836,49.42,654.117,248.903,30.21,13.174,12.966
AU.29.2,U,N,B29,U29,20.652,91.608,1.41,8.31,36.574,53.42,631.723,203.369,31.687,9.793,13.849
AU.29.3,U,T,B29,U29,25.811,71.168,1.54,8.17,33.909,47.32,634.361,228.685,30.08,12.463,13.898
AU.29.4,U,C,B29,U29,21.91,35.376,2.09,8.35,35.224,46.67,602.266,151.717,39.796,10.641,16.443
AU.30.1,U,M,B30,U30,13.084,88.405,1.56,6.26,12.058,38.105,242.586,102.989,24.999,14.099,9.307
AU.30.2,U,N,B30,U30,7.803,72.092,3.73,5.94,12.748,33.005,279.007,114.214,26.658,13.5,8.938
AU.30.3,U,T,B30,U30,5.322,72.376,2.58,6.01,11.913,35.205,273.162,85.613,21.934,10.915,10.507
AU.30.4,U,C,B30,U30,3.462,20.227,2.73,5.93,15.233,38.905,308.43,55.342,29.002,10.563,13.342
AU.31.1,U,M,B31,U31,22.424,105.495,2.16,4.49,30.593,86.225,185.465,13.236,27.939,19.395,24.097
AU.31.2,U,N,B31,U31,19.522,89.998,2.1,4.34,31.058,92.525,218.191,8.443,27.834,18.403,18.266
AU.31.3,U,T,B31,U31,31.281,68.432,1.43,4.63,30.137,100.525,204.853,7.708,30.342,19.759,20.239
AU.31.4,U,C,B31,U31,22.222,63.963,1.33,4.7,32.531,95.725,292.044,4.49,29.049,16.212,18.739
AU.32.1,U,M,B32,U32,37.838,69.409,2.72,4.46,21.309,4.245,180.863,3.413,23.638,18.963,9.253
AU.32.2,U,N,B32,U32,28.975,67.499,2.36,4.38,22.058,3.132,173.311,4.56,32.947,20.007,8.639
AU.32.3,U,T,B32,U32,24.738,26.437,1.53,4.92,21.759,4.695,169.335,3.523,30.64,16.681,11.039
AU.32.4,U,C,B32,U32,25.442,21.052,1.73,4.88,21.451,6.105,293.146,4.645,27.743,19.229,11.08
AU.33.1,U,M,B33,U33,39.024,124.713,1.78,5.97,46.852,101.525,679.641,164.424,21.462,32.323,24.541
AU.33.2,U,N,B33,U33,36.364,109.969,1.23,6.01,47.561,118.275,678.676,157.895,28.542,32.111,22.308
AU.33.3,U,T,B33,U33,41.896,54.912,1.33,6.36,43.722,114.025,567.942,159.126,43.065,22.229,22.369
AU.33.4,U,C,B33,U33,26.939,33.4,1.94,6.33,47.203,122.025,618.285,133.333,42.557,23.194,23.116
AU.34.1,U,M,B34,U34,23.045,95.406,1.38,8.67,15.059,19.3,297.595,91.678,22.203,9.944,4.261
AU.34.2,U,N,B34,U34,23.853,82.257,2.77,8.65,16.002,30.22,376.32,114.789,24.553,8.156,5.911
AU.34.3,U,T,B34,U34,26.917,21.28,1.15,8.85,15.138,20.433,214.909,79.406,23.196,6.34,4.663
AU.34.4,U,C,B34,U34,22.651,28.812,1.09,8.99,16.344,21.6,338.15,72.34,21.865,8.046,4.774
AU.35.1,U,M,B35,U35,38.413,95.47,2.65,5.05,32.937,0.545,415.465,8.378,18.21,2.59,21.879
AU.35.2,U,N,B35,U35,35.912,98.246,2.77,4.86,33.983,0.505,433.825,8.896,27.409,2.183,19.971
AU.35.3,U,T,B35,U35,37.129,91.095,1.59,4.87,31.688,0.765,482.998,7.182,31.781,5.811,19.155
AU.35.4,U,C,B35,U35,32.5,37.892,1.68,5.09,33.653,1.805,537.42,7.653,39.173,5.467,20.171
AU.36.1,U,M,B36,U36,32.948,87.908,2.16,4.22,9.326,2.095,123.987,12.008,35.434,8.325,17.604
AU.36.2,U,N,B36,U36,29.2,81.198,2.33,4.16,10.505,2.455,189.364,6.674,31.295,8.608,17.713
AU.36.3,U,T,B36,U36,37.396,47.459,1.13,4.62,13.195,1.095,184.866,8.285,27.709,5.569,19.508
AU.36.4,U,C,B36,U36,26.457,35.022,5.99,4.46,12.364,4.305,271.913,9.673,31.251,7.907,20.538
AU.37.1,U,M,B37,U37,51.786,95.742,6.38,4.2,27.007,8.395,157.454,14.212,25.423,12.021,15.126
AU.37.2,U,N,B37,U37,44.482,84.708,2.35,4.1,28.135,8.745,183.38,7.165,23.74,12.949,16.864
AU.37.3,U,T,B37,U37,47.41,52.078,1.07,4.49,27.569,10.955,126.742,7.391,28.434,12.935,19.983
AU.37.4,U,C,B37,U37,46.875,43.988,1.83,4.38,29.39,14.055,189.872,10.231,39.335,14.552,19.311
AU.38.1,U,M,B38,U38,42.396,106.338,2.24,7.03,17.3,107,499.469,82.011,30.074,11.652,2.84
AU.38.2,U,N,B38,U38,39.702,118.236,1.33,6.99,19.281,28.305,414.363,90.851,30.337,11.138,3.789
AU.38.3,U,T,B38,U38,41.42,81.981,1.31,7.47,18.37,65.7,348.767,68.408,26.97,11.194,3.345
AU.38.4,U,C,B38,U38,23.358,74.002,2.84,7.39,17.658,139.54,391.771,58.874,36.747,13.479,4.299
AU.39.1,U,M,B39,U39,34.831,105.689,3.16,7.75,37.028,23,670.078,182.449,30.606,9.872,10.449
AU.39.2,U,N,B39,U39,34.762,87.433,2.41,7.75,36.542,31.035,671.54,189.422,16.699,7.608,10.145
AU.39.3,U,T,B39,U39,37.29,64.752,1.4,7.96,36.428,39.48,538.112,163.91,25.843,9.097,9.653
AU.39.4,U,C,B39,U39,34.483,42.554,2.85,8.15,39.775,30.34,537.062,146.719,31.072,11.788,11.54
AU.40.1,U,M,B40,U40,27.737,80.523,1.56,7.32,12.951,14.7,367.336,124.819,26.345,12.628,9.528
AU.40.2,U,N,B40,U40,28.321,80.312,1.35,6.93,14.214,19.055,317.362,101.099,25.981,10.178,10.504
AU.40.3,U,T,B40,U40,27.313,27.277,1.03,7.32,12.935,17.267,276.771,89.388,22.495,11.799,9.668
AU.40.4,U,C,B40,U40,23.282,29.045,1.85,6.89,14.54,18.355,272.355,57.557,27.253,11.14,12.256
